ID,Salary
1,15.5
2,15.6
3,16.700001
4,18.799999
5,31.5
6,45.0
7,47.0
8,46.0
9,39.0
10,11.1
11,12.1
12,13.1
13,14.1
14,15.1
15,17.1
16,21.1
17,31.1
18,13.15
19,33.330002
20,22.16